,rank_reversal,rank_flow
rank_reversal,1.0,0.10609549386066632
rank_flow,0.10609549386066632,1.0
