,reversal,flow,combined
reversal,1.0,0.20442030166389163,0.6839305397013742
flow,0.20442030166389163,1.0,0.3731244948093144
combined,0.6839305397013742,0.3731244948093144,1.0
